<?xml version="1.0" encoding="UTF-8"?>
<project-private xmlns="http://www.netbeans.org/ns/project-private/1">
    <editor-bookmarks xmlns="http://www.netbeans.org/ns/editor-bookmarks/2" lastBookmarkId="0"/>
    <open-files xmlns="http://www.netbeans.org/ns/projectui-open-files/2">
        <group>
            <file>file:/C:/wamp/www/ERPGrowel/application/controllers/Auth.php</file>
            <file>file:/C:/wamp/www/ERPGrowel/application/views/Stock/view_all.php</file>
            <file>file:/C:/wamp/www/ERPGrowel/application/controllers/Stock.php</file>
            <file>file:/C:/wamp/www/ERPGrowel/application/views/workshedule/deshboard.php</file>
            <file>file:/C:/wamp/www/ERPGrowel/application/views/store/insert_in.php</file>
            <file>file:/C:/wamp/www/ERPGrowel/application/models/Store_Model.php</file>
            <file>file:/C:/wamp/www/ERPGrowel/application/controllers/Store.php</file>
        </group>
    </open-files>
</project-private>
